{
    "loss": 2.245414972305298,
    "accuracy": 0.6724137663841248
}